<?xml version="1.0" encoding="utf-8"?>
<extension type="plugin" version="3.0" group="content" method="upgrade">
    <name>PLG_EASYKEYWORDSITEMAP</name>
    <version>3-3</version>
    <creationDate>2014-07-17</creationDate>
    <license>http://www.gnu.org/licenses/gpl-3.0</license>
    <copyright>Copyright 2014 Viktor Vogel. All rights reserved.</copyright>
    <author>Viktor Vogel</author>
    <authoremail>admin@kubik-rubik.de</authoremail>
    <authorurl>http://joomla-extensions.kubik-rubik.de/</authorurl>
    <description>PLG_EASYKEYWORDSITEMAP_XML_DESCRIPTION</description>
    <files>
        <filename plugin="easykeywordsitemap">easykeywordsitemap.php</filename>
        <filename plugin="easykeywordsitemap">index.html</filename>
        <folder plugin="easykeywordsitemap">fields</folder>
    </files>
    <languages>
        <language tag="en-GB">language/en-GB/en-GB.plg_content_easykeywordsitemap.ini</language>
        <language tag="en-GB">language/en-GB/en-GB.plg_content_easykeywordsitemap.sys.ini</language>
        <language tag="de-DE">language/de-DE/de-DE.plg_content_easykeywordsitemap.ini</language>
        <language tag="de-DE">language/de-DE/de-DE.plg_content_easykeywordsitemap.sys.ini</language>
    </languages>
    <config>
        <fields name="params" addfieldpath="/plugins/content/easykeywordsitemap/fields">
            <fieldset name="settings">
                <field type="krdonationcodecheck" />
                <field type="krtitle" name="spacer_nosettings" class="text" label="PLG_EASYKEYWORDSITEMAP_SPACER_NOSETTINGS" />
            </fieldset>
            <fieldset name="donation">
                <field type="krdonationcodecheck" />
                <field name="donation_code" type="text" default="" size="40" label="KR_DONATION_CODE" description="KR_DONATION_CODEDESC" />
            </fieldset>
            <fieldset name="versioncheck">
                <field type="krdonationcodecheck" />
                <field type="krversioncheck" name="krversioncheck" default="eks|3-3" />
                <field name="versioncheck_enable" type="list" default="1" label="KR_VERSION_CHECK" description="KR_VERSION_CHECKDESC">
                    <option value="1">KR_VERSION_CHECK_ONCESESSION</option>
                    <option value="2">KR_VERSION_CHECK_ONEVERYLOAD</option>
                    <option value="0">JNO</option>
                </field>
            </fieldset>
        </fields>
    </config>
</extension>